{
    "accuracy": 0.9913299044819985,
    "cv_mean_accuracy": 0.9897861924320758,
    "classification_report": {
        "0": {
            "precision": 0.9808612440191388,
            "recall": 0.9942680776014109,
            "f1-score": 0.987519159185461,
            "support": 2268.0
        },
        "1": {
            "precision": 0.9946784922394678,
            "recall": 0.9889770723104057,
            "f1-score": 0.9918195887685165,
            "support": 2268.0
        },
        "2": {
            "precision": 0.9986672589960017,
            "recall": 0.9907448215072719,
            "f1-score": 0.9946902654867257,
            "support": 2269.0
        },
        "accuracy": 0.9913299044819985,
        "macro avg": {
            "precision": 0.991402331751536,
            "recall": 0.9913299904730294,
            "f1-score": 0.9913430044802344,
            "support": 6805.0
        },
        "weighted avg": {
            "precision": 0.9914033993381995,
            "recall": 0.9913299044819985,
            "f1-score": 0.9913434963628217,
            "support": 6805.0
        }
    }
}